{"roc_auc_mean":0.2945042658092707,"evaluated_graphs_mean":100,"edge_accuracy_mean":0.3,"loss":7.538333772458828e-05,"epoch":19,"_step":20,"fidelity_neg_mean":1,"per_graph_hits_mean":0.3,"auc":1,"_timestamp":1.7454024430907907e+09,"acc":1,"_wandb":{"runtime":25},"_runtime":25.294622646,"fidelity_pos_mean":1}