{"_step":20,"fidelity_neg_mean":1,"_runtime":23.386454355,"auc":1,"acc":1,"evaluated_graphs_mean":100,"fidelity_pos_mean":1,"edge_accuracy_mean":0.4699999999999999,"roc_auc_mean":0.5394962509500889,"per_graph_hits_mean":0.4699999999999999,"_timestamp":1.7454071601233535e+09,"loss":0.08717812290415168,"epoch":19,"_wandb":{"runtime":23}}