{"edge_accuracy_mean":0.6066666666666667,"auc":1,"roc_auc_mean":0.6178012725861108,"fidelity_pos_mean":1,"epoch":19,"loss":1.7435727015137672,"_wandb":{"runtime":23},"evaluated_graphs_mean":100,"_timestamp":1.7454033802831445e+09,"_runtime":23.898661258,"acc":1,"fidelity_neg_mean":1,"per_graph_hits_mean":0.6066666666666667,"_step":20}