{"auc":1,"_step":20,"edge_accuracy_mean":0.09,"roc_auc_mean":0.18244277539341916,"evaluated_graphs_mean":100,"loss":0.08718422873989566,"acc":0.9565217391304348,"fidelity_pos_mean":1,"_timestamp":1.7454016866864629e+09,"_wandb":{"runtime":17},"fidelity_neg_mean":1,"epoch":19,"per_graph_hits_mean":0.09,"_runtime":17.606397917}