{"_step":20,"edge_accuracy_mean":0.4699999999999999,"auc":1,"per_graph_hits_mean":0.4699999999999999,"roc_auc_mean":0.5394962509500889,"fidelity_neg_mean":1,"epoch":19,"_runtime":23.153657576,"acc":1,"_wandb":{"runtime":23},"evaluated_graphs_mean":100,"_timestamp":1.7454070965632203e+09,"loss":0.08717797589488327,"fidelity_pos_mean":1}