{"evaluated_graphs_mean":100,"epoch":19,"per_graph_hits_mean":0.45,"acc":1,"auc":1,"fidelity_pos_mean":1,"_wandb":{"runtime":23},"_step":20,"fidelity_neg_mean":1,"edge_accuracy_mean":0.45,"loss":1.7195935842373444e-06,"_runtime":23.129212648,"roc_auc_mean":0.4077160336508121,"_timestamp":1.7454048559037206e+09}