{"evaluated_graphs_mean":100,"_runtime":16.705074551,"_step":20,"per_graph_hits_mean":0.08,"epoch":19,"fidelity_neg_mean":1,"acc":1,"edge_accuracy_mean":0.08,"_wandb":{"runtime":16},"loss":3.6395241671055807e-06,"fidelity_pos_mean":1,"auc":1,"_timestamp":1.7454076865135975e+09,"roc_auc_mean":0.18204146320568834}