{"_step":20,"fidelity_pos_mean":1,"_wandb":{"runtime":15},"loss":4.4454670149786004e-05,"per_graph_hits_mean":0.085,"edge_accuracy_mean":0.085,"evaluated_graphs_mean":100,"fidelity_neg_mean":1,"_runtime":15.633706187,"acc":1,"_timestamp":1.745409938120343e+09,"epoch":19,"roc_auc_mean":0.2514955053119041,"auc":1}