{"_step":20,"auc":1,"_runtime":16.532578508,"roc_auc_mean":0.26590722179388326,"edge_accuracy_mean":0.04,"fidelity_pos_mean":1,"loss":0.0315986389656127,"evaluated_graphs_mean":100,"epoch":19,"_timestamp":1.7454080012163174e+09,"acc":0.9583333333333334,"fidelity_neg_mean":1,"per_graph_hits_mean":0.04,"_wandb":{"runtime":16}}