{"acc":1,"_runtime":26.418398519,"_wandb":{"runtime":26},"evaluated_graphs_mean":100,"edge_accuracy_mean":0.4050000000000001,"per_graph_hits_mean":0.4050000000000001,"roc_auc_mean":0.5162955852836268,"loss":1.7436029076576234,"fidelity_neg_mean":1,"fidelity_pos_mean":1,"_step":20,"auc":1,"_timestamp":1.7454005832596931e+09,"epoch":19}