{"loss":6.747059415315364e-05,"auc":1,"evaluated_graphs_mean":100,"roc_auc_mean":0.26590722179388326,"epoch":19,"per_graph_hits_mean":0.04,"_timestamp":1.7454079531449804e+09,"fidelity_pos_mean":1,"_wandb":{"runtime":15},"edge_accuracy_mean":0.04,"_step":20,"acc":1,"fidelity_neg_mean":1,"_runtime":15.910225071}