{"loss":3.5966637240301467e-06,"_step":20,"evaluated_graphs_mean":100,"auc":1,"_runtime":16.377993771,"per_graph_hits_mean":0.02,"fidelity_pos_mean":1,"_wandb":{"runtime":16},"acc":1,"epoch":19,"edge_accuracy_mean":0.02,"fidelity_neg_mean":1,"_timestamp":1.7454055860546846e+09,"roc_auc_mean":0.415303144654088}