{"per_graph_hits_mean":0.6616666666666667,"auc":1,"roc_auc_mean":0.5709389472227886,"fidelity_neg_mean":1,"evaluated_graphs_mean":100,"fidelity_pos_mean":1,"_wandb":{"runtime":23},"_step":20,"epoch":19,"_runtime":23.184961709,"_timestamp":1.7454050431573992e+09,"loss":2.0532671226938803e-06,"acc":1,"edge_accuracy_mean":0.6616666666666667}