{"auc":1,"per_graph_hits_mean":0.005,"edge_accuracy_mean":0.005,"fidelity_neg_mean":0.96,"epoch":19,"_runtime":16.521767941,"roc_auc_mean":0.16648015670243568,"_step":20,"acc":0.875,"loss":0.11001034881523315,"_timestamp":1.7454038302126448e+09,"fidelity_pos_mean":1,"_wandb":{"runtime":16},"evaluated_graphs_mean":100}