{"fidelity_neg_mean":1,"edge_accuracy_mean":0.085,"auc":1,"_timestamp":1.7454083862972047e+09,"_step":20,"roc_auc_mean":0.3926758331191639,"_runtime":16.649038059,"epoch":19,"_wandb":{"runtime":16},"fidelity_pos_mean":1,"per_graph_hits_mean":0.085,"evaluated_graphs_mean":100,"loss":3.712463492932527,"acc":0.9166666666666666}