{"_runtime":17.044259316,"evaluated_graphs_mean":100,"auc":1,"fidelity_neg_mean":1,"_step":20,"epoch":19,"acc":0.9130434782608695,"loss":2.5362884956009043e-06,"_wandb":{"runtime":17},"roc_auc_mean":0.18387339055793991,"_timestamp":1.7454015883265007e+09,"fidelity_pos_mean":1,"per_graph_hits_mean":0.09,"edge_accuracy_mean":0.09}