{"loss":0.03153462699843354,"auc":1,"_timestamp":1.7454080253423314e+09,"_step":20,"per_graph_hits_mean":0.04,"fidelity_pos_mean":1,"epoch":19,"_wandb":{"runtime":16},"evaluated_graphs_mean":100,"fidelity_neg_mean":1,"acc":0.9583333333333334,"edge_accuracy_mean":0.04,"roc_auc_mean":0.25570033410434334,"_runtime":16.313358997}