{"fidelity_pos_mean":1,"fidelity_neg_mean":1,"auc":1,"_runtime":15.194153405,"_step":20,"loss":0.001527594453710373,"acc":1,"_timestamp":1.7454096294416568e+09,"roc_auc_mean":0.34642922001271226,"_wandb":{"runtime":15},"epoch":19,"per_graph_hits_mean":0.3,"edge_accuracy_mean":0.3,"evaluated_graphs_mean":100}