{"per_graph_hits_mean":0.38833333333333336,"roc_auc_mean":0.39455544684576727,"fidelity_pos_mean":1,"epoch":19,"_runtime":25.252321083,"auc":1,"_wandb":{"runtime":25},"_timestamp":1.7454028278807113e+09,"fidelity_neg_mean":1,"_step":20,"acc":1,"loss":1.996335325049614e-06,"evaluated_graphs_mean":100,"edge_accuracy_mean":0.38833333333333336}