{"per_graph_hits_mean":0.6466666666666666,"evaluated_graphs_mean":100,"loss":1.5852631321700006e-05,"auc":1,"fidelity_neg_mean":1,"roc_auc_mean":0.569755158549833,"epoch":19,"edge_accuracy_mean":0.6466666666666666,"_wandb":{"runtime":23},"acc":1,"_timestamp":1.745407002680235e+09,"_step":20,"fidelity_pos_mean":1,"_runtime":23.299912621}