{"per_graph_hits_mean":0.03,"loss":0.019120585549928286,"_wandb":{"runtime":16},"_runtime":16.720982563,"acc":0.875,"auc":1,"epoch":19,"fidelity_neg_mean":0.72,"evaluated_graphs_mean":100,"fidelity_pos_mean":0.97,"roc_auc_mean":0.502458269460058,"edge_accuracy_mean":0.03,"_step":20,"_timestamp":1.7454036122149422e+09}