{"edge_accuracy_mean":0.5533333333333332,"_runtime":26.769679787,"roc_auc_mean":0.5029797772943325,"_step":20,"fidelity_pos_mean":1,"auc":1,"_timestamp":1.7454025115409634e+09,"epoch":19,"loss":6.587844638694662e-05,"acc":1,"per_graph_hits_mean":0.5533333333333332,"fidelity_neg_mean":1,"evaluated_graphs_mean":100,"_wandb":{"runtime":26}}