{"loss":0.001184648382200641,"_step":20,"fidelity_pos_mean":1,"epoch":19,"_wandb":{"runtime":16},"acc":0.9130434782608695,"_runtime":16.572445059,"evaluated_graphs_mean":100,"fidelity_neg_mean":1,"_timestamp":1.7454016361802123e+09,"per_graph_hits_mean":0.09,"edge_accuracy_mean":0.09,"auc":1,"roc_auc_mean":0.18387339055793991}