{"_runtime":23.212168045,"loss":1.7436577305197716,"per_graph_hits_mean":0.36000000000000015,"_wandb":{"runtime":23},"fidelity_pos_mean":1,"_step":20,"acc":1,"epoch":19,"_timestamp":1.7454052585915685e+09,"roc_auc_mean":0.4404721162341382,"auc":1,"evaluated_graphs_mean":100,"edge_accuracy_mean":0.36000000000000015,"fidelity_neg_mean":1}