{"_runtime":15.835351845,"evaluated_graphs_mean":100,"acc":1,"_wandb":{"runtime":15},"loss":0.08825624163480515,"epoch":19,"auc":1,"fidelity_pos_mean":1,"per_graph_hits_mean":0.04,"roc_auc_mean":0.18947169811320755,"fidelity_neg_mean":1,"_timestamp":1.7454061098971295e+09,"edge_accuracy_mean":0.04,"_step":20}