{"edge_accuracy_mean":0.085,"auc":1,"roc_auc_mean":0.18205348224825207,"_runtime":15.343773407,"evaluated_graphs_mean":100,"_step":20,"epoch":19,"_wandb":{"runtime":15},"fidelity_neg_mean":1,"fidelity_pos_mean":1,"loss":1.743592600930821,"_timestamp":1.745410031014936e+09,"per_graph_hits_mean":0.085,"acc":1}