{"acc":0.9565217391304348,"roc_auc_mean":0.2580306688125894,"_runtime":16.567755229,"epoch":19,"_step":20,"per_graph_hits_mean":0.08,"edge_accuracy_mean":0.08,"loss":0.001218586016905617,"fidelity_pos_mean":1,"fidelity_neg_mean":1,"evaluated_graphs_mean":100,"_timestamp":1.745401924220144e+09,"auc":1,"_wandb":{"runtime":16}}