{"_runtime":23.162832945,"evaluated_graphs_mean":100,"epoch":19,"_step":20,"loss":0.00010965081705762713,"_wandb":{"runtime":23},"fidelity_pos_mean":1,"edge_accuracy_mean":0.6250000000000001,"acc":1,"per_graph_hits_mean":0.6250000000000001,"roc_auc_mean":0.38654024997943903,"_timestamp":1.7454085051494725e+09,"auc":1,"fidelity_neg_mean":1}