{"_step":20,"roc_auc_mean":0.38579262225547073,"fidelity_pos_mean":1,"loss":2.63330804045836e-05,"evaluated_graphs_mean":100,"_timestamp":1.745400658539124e+09,"edge_accuracy_mean":0.44,"auc":1,"_wandb":{"runtime":27},"fidelity_neg_mean":1,"per_graph_hits_mean":0.44,"_runtime":27.046666884,"acc":1,"epoch":19}