{"fidelity_pos_mean":1,"roc_auc_mean":0.4191227588116942,"_timestamp":1.745406462711162e+09,"auc":1,"edge_accuracy_mean":0.5666666666666667,"per_graph_hits_mean":0.5666666666666667,"_wandb":{"runtime":23},"_runtime":23.4357718,"fidelity_neg_mean":1,"loss":1.7113547444047583e-06,"_step":20,"evaluated_graphs_mean":100,"acc":1,"epoch":19}