{"acc":1,"per_graph_hits_mean":0.6016666666666667,"auc":1,"roc_auc_mean":0.6055087481355779,"epoch":19,"loss":1.7435642339289188,"fidelity_pos_mean":1,"_runtime":22.93219053,"_step":20,"edge_accuracy_mean":0.6016666666666667,"_wandb":{"runtime":22},"evaluated_graphs_mean":100,"_timestamp":1.7454093817652214e+09,"fidelity_neg_mean":1}