{"fidelity_pos_mean":1,"auc":1,"per_graph_hits_mean":0.45,"_wandb":{"runtime":24},"evaluated_graphs_mean":100,"fidelity_neg_mean":1,"acc":1,"edge_accuracy_mean":0.45,"loss":1.942343139083036e-06,"epoch":19,"_step":20,"roc_auc_mean":0.4077160336508121,"_timestamp":1.7454049192405698e+09,"_runtime":24.061241917}