{"epoch":19,"fidelity_neg_mean":1,"_wandb":{"runtime":24},"_step":20,"_timestamp":1.7454007244625773e+09,"_runtime":24.620036401,"evaluated_graphs_mean":100,"edge_accuracy_mean":0.44,"roc_auc_mean":0.38579262225547073,"per_graph_hits_mean":0.44,"auc":1,"acc":1,"loss":2.821948076530134e-05,"fidelity_pos_mean":1}