{"evaluated_graphs_mean":100,"edge_accuracy_mean":0.095,"epoch":19,"acc":1,"per_graph_hits_mean":0.095,"roc_auc_mean":0.35805502587850724,"_timestamp":1.7454103408710063e+09,"fidelity_pos_mean":1,"auc":1,"fidelity_neg_mean":1,"loss":0.17436120489781554,"_step":20,"_wandb":{"runtime":15},"_runtime":15.577576011}