{"acc":0.9583333333333334,"edge_accuracy_mean":0.005,"fidelity_pos_mean":1,"epoch":19,"per_graph_hits_mean":0.005,"fidelity_neg_mean":0.99,"evaluated_graphs_mean":100,"roc_auc_mean":0.1765295520354284,"_timestamp":1.7454037336688344e+09,"_step":20,"loss":0.002152966196952226,"_wandb":{"runtime":16},"_runtime":16.4043417,"auc":1}