{"edge_accuracy_mean":0.085,"auc":1,"_runtime":15.434435664,"_timestamp":1.745409984217365e+09,"loss":0.0021405319123976533,"_step":20,"fidelity_neg_mean":1,"_wandb":{"runtime":15},"fidelity_pos_mean":1,"acc":1,"epoch":19,"evaluated_graphs_mean":100,"per_graph_hits_mean":0.085,"roc_auc_mean":0.2514955053119041}