{"auc":1,"fidelity_pos_mean":1,"_step":20,"acc":1,"epoch":19,"_wandb":{"runtime":26},"evaluated_graphs_mean":100,"_runtime":26.584355627,"per_graph_hits_mean":0.67,"loss":1.7435669966042042,"_timestamp":1.745401200826786e+09,"roc_auc_mean":0.6136129996748493,"fidelity_neg_mean":1,"edge_accuracy_mean":0.67}