{"fidelity_neg_mean":1,"roc_auc_mean":0.6455982759550127,"epoch":19,"evaluated_graphs_mean":100,"_timestamp":1.7454029319796636e+09,"per_graph_hits_mean":0.67,"loss":3.1672642856225844e-05,"edge_accuracy_mean":0.67,"auc":1,"fidelity_pos_mean":1,"_step":20,"_wandb":{"runtime":25},"acc":1,"_runtime":25.791492778}