{"edge_accuracy_mean":0.6533333333333333,"_wandb":{"runtime":23},"epoch":19,"_timestamp":1.7454090380018737e+09,"loss":2.2083937860725713e-06,"roc_auc_mean":0.6086174490336035,"auc":1,"evaluated_graphs_mean":100,"_step":20,"fidelity_pos_mean":1,"per_graph_hits_mean":0.6533333333333333,"acc":1,"_runtime":23.530985368,"fidelity_neg_mean":1}