{"_runtime":16.171762927,"epoch":19,"_step":20,"loss":0.04552892578983979,"_timestamp":1.7454060133656185e+09,"roc_auc_mean":0.3510125786163522,"auc":1,"evaluated_graphs_mean":100,"edge_accuracy_mean":0.04,"acc":1,"per_graph_hits_mean":0.04,"fidelity_neg_mean":1,"fidelity_pos_mean":1,"_wandb":{"runtime":16}}