{"acc":1,"per_graph_hits_mean":0.4033333333333334,"loss":0.08717961995862425,"evaluated_graphs_mean":100,"roc_auc_mean":0.43211508728240083,"_step":20,"_timestamp":1.7454052277726116e+09,"fidelity_pos_mean":1,"auc":1,"_wandb":{"runtime":23},"fidelity_neg_mean":1,"_runtime":23.377090363,"epoch":19,"edge_accuracy_mean":0.4033333333333334}