{"fidelity_neg_mean":1,"_step":20,"epoch":19,"_timestamp":1.7454061337113676e+09,"_wandb":{"runtime":16},"evaluated_graphs_mean":100,"acc":1,"_runtime":16.007269192,"fidelity_pos_mean":1,"roc_auc_mean":0.6783811320754716,"edge_accuracy_mean":0.085,"per_graph_hits_mean":0.085,"loss":1.7436184325116746,"auc":1}