{"loss":1.7435999677536336,"edge_accuracy_mean":0.09,"epoch":19,"_runtime":16.471563613,"acc":1,"_wandb":{"runtime":16},"per_graph_hits_mean":0.09,"fidelity_neg_mean":1,"fidelity_pos_mean":1,"auc":1,"roc_auc_mean":0.7087979049565662,"evaluated_graphs_mean":100,"_timestamp":1.7454041488264835e+09,"_step":20}