{"per_graph_hits_mean":0.045,"auc":1,"_wandb":{"runtime":16},"epoch":19,"_step":20,"_runtime":16.548564924,"_timestamp":1.7454059424339468e+09,"fidelity_pos_mean":1,"roc_auc_mean":0.34968637316561846,"fidelity_neg_mean":1,"loss":4.9171954210481653e-05,"acc":1,"edge_accuracy_mean":0.045,"evaluated_graphs_mean":100}