{"_timestamp":1.7454054451063216e+09,"acc":1,"roc_auc_mean":0.5931163470033689,"auc":1,"_wandb":{"runtime":22},"edge_accuracy_mean":0.36333333333333334,"fidelity_neg_mean":1,"loss":3.4871158078312874,"per_graph_hits_mean":0.36333333333333334,"evaluated_graphs_mean":100,"fidelity_pos_mean":1,"_step":20,"epoch":19,"_runtime":22.945431876}