{"edge_accuracy_mean":0.4566666666666667,"auc":1,"per_graph_hits_mean":0.4566666666666667,"loss":1.743564459681511,"_runtime":23.044725899,"_timestamp":1.7454066830815353e+09,"_wandb":{"runtime":23},"evaluated_graphs_mean":100,"epoch":19,"_step":20,"fidelity_pos_mean":1,"fidelity_neg_mean":1,"roc_auc_mean":0.5037133387331545,"acc":1}