{"fidelity_pos_mean":1,"_timestamp":1.7454065250453641e+09,"per_graph_hits_mean":0.5666666666666667,"fidelity_neg_mean":1,"acc":1,"edge_accuracy_mean":0.5666666666666667,"auc":1,"evaluated_graphs_mean":100,"_step":20,"_wandb":{"runtime":23},"epoch":19,"loss":1.8537244470984148e-06,"_runtime":23.438102982,"roc_auc_mean":0.4191227588116942}