{"_runtime":2.282282913,"_step":0,"_wandb":{"runtime":3},"epoch":0,"loss":0.005494001518445657,"acc":0.975,"auc":1,"_timestamp":1.7454525021445038e+09}