{"auc":1,"fidelity_neg_mean":1,"per_graph_hits_mean":0.36333333333333334,"_runtime":23.665528475,"loss":0.1743564236909151,"acc":1,"edge_accuracy_mean":0.36333333333333334,"epoch":19,"_step":20,"roc_auc_mean":0.5968126814338003,"_timestamp":1.7454055385975869e+09,"fidelity_pos_mean":1,"evaluated_graphs_mean":100,"_wandb":{"runtime":23}}