{"epoch":19,"_wandb":{"runtime":24},"fidelity_pos_mean":1,"loss":1.7435738675296306,"_step":20,"evaluated_graphs_mean":100,"_timestamp":1.7454010537334256e+09,"roc_auc_mean":0.410981570307133,"acc":1,"edge_accuracy_mean":0.3966666666666667,"per_graph_hits_mean":0.3966666666666667,"_runtime":24.80232927,"auc":1,"fidelity_neg_mean":1}