{"per_graph_hits_mean":0.085,"evaluated_graphs_mean":100,"roc_auc_mean":0.18205348224825207,"auc":1,"loss":1.7438555346293882,"_timestamp":1.7454100788351893e+09,"epoch":19,"acc":1,"_step":20,"fidelity_neg_mean":1,"fidelity_pos_mean":1,"_wandb":{"runtime":15},"edge_accuracy_mean":0.085,"_runtime":15.559636766}