{"loss":0.04557560805350225,"_step":20,"acc":1,"per_graph_hits_mean":0.045,"fidelity_pos_mean":1,"_runtime":16.17333675,"edge_accuracy_mean":0.045,"roc_auc_mean":0.34968637316561846,"_wandb":{"runtime":16},"auc":1,"fidelity_neg_mean":1,"epoch":19,"_timestamp":1.7454059897516167e+09,"evaluated_graphs_mean":100}