{"epoch":19,"edge_accuracy_mean":0.6683333333333333,"evaluated_graphs_mean":100,"_wandb":{"runtime":25},"fidelity_pos_mean":1,"fidelity_neg_mean":1,"per_graph_hits_mean":0.6683333333333333,"_runtime":25.760626239,"loss":1.585112771401026e-06,"roc_auc_mean":0.6452903222608386,"auc":1,"_timestamp":1.7454029653928885e+09,"_step":20,"acc":1}