{"acc":1,"roc_auc_mean":0.5436683919004813,"_runtime":15.388051684,"auc":1,"fidelity_neg_mean":1,"fidelity_pos_mean":1,"_wandb":{"runtime":15},"per_graph_hits_mean":0.095,"edge_accuracy_mean":0.095,"evaluated_graphs_mean":100,"loss":1.743615521626039,"epoch":19,"_timestamp":1.7454102223509412e+09,"_step":20}