{"evaluated_graphs_mean":100,"_wandb":{"runtime":23},"_runtime":23.62079721,"loss":1.7435809984803199,"fidelity_neg_mean":1,"per_graph_hits_mean":0.4933333333333333,"roc_auc_mean":0.5245919961872547,"acc":1,"edge_accuracy_mean":0.4933333333333333,"fidelity_pos_mean":1,"_timestamp":1.745408754436309e+09,"epoch":19,"_step":20,"auc":1}