{"_wandb":{"runtime":16},"epoch":19,"_timestamp":1.7454055621101167e+09,"evaluated_graphs_mean":100,"_step":20,"loss":6.31018791903037e-05,"edge_accuracy_mean":0.02,"acc":1,"auc":1,"fidelity_neg_mean":1,"per_graph_hits_mean":0.02,"roc_auc_mean":0.4202457023060796,"fidelity_pos_mean":1,"_runtime":16.019550216}