{"acc":1,"_runtime":26.30531401,"_step":20,"edge_accuracy_mean":0.41666666666666663,"_timestamp":1.7454027942932422e+09,"evaluated_graphs_mean":100,"epoch":19,"_wandb":{"runtime":26},"auc":1,"per_graph_hits_mean":0.41666666666666663,"loss":4.095783037314504e-05,"fidelity_neg_mean":1,"fidelity_pos_mean":1,"roc_auc_mean":0.416005320101445}