{"loss":3.3314046935783995e-05,"fidelity_neg_mean":1,"edge_accuracy_mean":0.7066666666666667,"roc_auc_mean":0.508768169361085,"fidelity_pos_mean":1,"auc":1,"acc":1,"_wandb":{"runtime":23},"_runtime":23.853111367,"_step":20,"_timestamp":1.745408567701932e+09,"epoch":19,"evaluated_graphs_mean":100,"per_graph_hits_mean":0.7066666666666667}