{"_step":20,"fidelity_neg_mean":1,"acc":1,"auc":1,"per_graph_hits_mean":0.085,"evaluated_graphs_mean":100,"edge_accuracy_mean":0.085,"epoch":19,"_wandb":{"runtime":16},"roc_auc_mean":0.3567526205450734,"loss":3.4873256429712822,"_timestamp":1.7454063716406314e+09,"_runtime":16.051565549,"fidelity_pos_mean":1}