{"epoch":19,"_timestamp":1.7454102462475913e+09,"_wandb":{"runtime":15},"per_graph_hits_mean":0.095,"roc_auc_mean":0.5436071006991737,"acc":1,"fidelity_neg_mean":1,"evaluated_graphs_mean":100,"edge_accuracy_mean":0.095,"auc":1,"_runtime":15.808901285,"fidelity_pos_mean":1,"loss":0.08718171317807653,"_step":20}