{"fidelity_neg_mean":1,"per_graph_hits_mean":0.305,"_step":20,"epoch":19,"_timestamp":1.7454096986321502e+09,"loss":0.15544169079592765,"evaluated_graphs_mean":100,"fidelity_pos_mean":1,"_wandb":{"runtime":15},"edge_accuracy_mean":0.305,"roc_auc_mean":0.2095755016798329,"acc":1,"_runtime":15.295457873,"auc":1}