{"_step":20,"_wandb":{"runtime":16},"loss":0.08718021222195782,"roc_auc_mean":0.725384030758226,"epoch":19,"_timestamp":1.7454020981691384e+09,"evaluated_graphs_mean":100,"fidelity_pos_mean":1,"acc":0.9565217391304348,"fidelity_neg_mean":1,"_runtime":16.066517277,"auc":1,"edge_accuracy_mean":0.13,"per_graph_hits_mean":0.13}