{"_step":9,"epoch":9,"loss":0.00034580940043724693,"acc":1,"auc":1,"_wandb":{"runtime":13},"_timestamp":1.7454538284635139e+09,"_runtime":12.573376769}