{"loss":0.1827723952112617,"_wandb":{"runtime":16},"auc":1,"_timestamp":1.7454023413353927e+09,"fidelity_neg_mean":1,"epoch":19,"evaluated_graphs_mean":100,"per_graph_hits_mean":0.13,"_runtime":16.82520823,"_step":20,"edge_accuracy_mean":0.13,"fidelity_pos_mean":1,"acc":0.9565217391304348,"roc_auc_mean":0.4076542381974249}