{"fidelity_neg_mean":1,"auc":1,"evaluated_graphs_mean":100,"epoch":19,"_wandb":{"runtime":23},"roc_auc_mean":0.41639572957019,"acc":1,"_timestamp":1.7454048253592598e+09,"fidelity_pos_mean":1,"_runtime":23.138598529,"edge_accuracy_mean":0.40666666666666673,"_step":20,"loss":9.885692648481381e-05,"per_graph_hits_mean":0.40666666666666673}