{"acc":1,"evaluated_graphs_mean":100,"_timestamp":1.745401234310721e+09,"roc_auc_mean":0.6173997533254612,"_wandb":{"runtime":25},"_runtime":25.366046903,"fidelity_pos_mean":1,"fidelity_neg_mean":1,"per_graph_hits_mean":0.6716666666666665,"auc":1,"loss":0.08717835210263729,"epoch":19,"_step":20,"edge_accuracy_mean":0.6716666666666665}