{"fidelity_pos_mean":1,"epoch":19,"_runtime":23.270950281,"fidelity_neg_mean":1,"edge_accuracy_mean":0.4416666666666667,"roc_auc_mean":0.5607971095920248,"loss":1.7435654997825623,"per_graph_hits_mean":0.4416666666666667,"_timestamp":1.7454090690242004e+09,"_wandb":{"runtime":23},"acc":1,"evaluated_graphs_mean":100,"auc":1,"_step":20}