{"_timestamp":1.7454092249234302e+09,"epoch":19,"_step":20,"_wandb":{"runtime":23},"edge_accuracy_mean":0.44666666666666655,"fidelity_neg_mean":1,"auc":1,"evaluated_graphs_mean":100,"fidelity_pos_mean":1,"acc":1,"roc_auc_mean":0.4568650051379876,"_runtime":23.403722488,"loss":0.08717850972898304,"per_graph_hits_mean":0.44666666666666655}