{"edge_accuracy_mean":0.085,"roc_auc_mean":0.35966960167714884,"per_graph_hits_mean":0.085,"auc":1,"_wandb":{"runtime":16},"_step":20,"fidelity_neg_mean":1,"loss":0.17452574235961793,"epoch":19,"evaluated_graphs_mean":100,"fidelity_pos_mean":1,"_timestamp":1.745406399845846e+09,"acc":1,"_runtime":16.452769149}