{"fidelity_pos_mean":1,"_step":20,"evaluated_graphs_mean":100,"_wandb":{"runtime":16},"loss":1.7445469498634338,"acc":1,"_runtime":16.731398656,"edge_accuracy_mean":0.09,"per_graph_hits_mean":0.09,"roc_auc_mean":0.7087979049565662,"fidelity_neg_mean":0.99,"auc":1,"_timestamp":1.7454041973775694e+09,"epoch":19}