{"auc":1,"roc_auc_mean":0.6200553550866539,"edge_accuracy_mean":0.7133333333333334,"fidelity_pos_mean":1,"_timestamp":1.7454008878195698e+09,"evaluated_graphs_mean":100,"acc":1,"loss":2.263355453363536e-06,"_runtime":25.747897048,"fidelity_neg_mean":1,"per_graph_hits_mean":0.7133333333333334,"epoch":19,"_wandb":{"runtime":25},"_step":20}