{"loss":1.7441113348845596,"roc_auc_mean":0.7256263412017168,"fidelity_pos_mean":1,"_timestamp":1.7454021220213451e+09,"_step":20,"evaluated_graphs_mean":100,"epoch":19,"_wandb":{"runtime":16},"fidelity_neg_mean":1,"auc":1,"acc":0.9130434782608695,"edge_accuracy_mean":0.135,"per_graph_hits_mean":0.135,"_runtime":16.090106565}