{"_wandb":{"runtime":16},"evaluated_graphs_mean":100,"fidelity_neg_mean":1,"auc":1,"edge_accuracy_mean":0.02,"per_graph_hits_mean":0.02,"_timestamp":1.7454056340417364e+09,"roc_auc_mean":0.415303144654088,"acc":1,"fidelity_pos_mean":1,"epoch":19,"_step":20,"loss":0.0025602925013221796,"_runtime":16.542977951}