{"epoch":19,"_wandb":{"runtime":23},"evaluated_graphs_mean":100,"fidelity_neg_mean":1,"acc":1,"_timestamp":1.7454072554897277e+09,"per_graph_hits_mean":0.5466666666666667,"edge_accuracy_mean":0.5466666666666667,"_step":20,"loss":1.7435771241784095,"roc_auc_mean":0.47543741514696625,"fidelity_pos_mean":1,"_runtime":23.568884999,"auc":1}