{"_step":20,"fidelity_pos_mean":1,"loss":3.4871164157986643,"_runtime":23.065420607,"edge_accuracy_mean":0.36333333333333334,"epoch":19,"acc":1,"per_graph_hits_mean":0.36333333333333334,"_wandb":{"runtime":23},"fidelity_neg_mean":1,"evaluated_graphs_mean":100,"roc_auc_mean":0.5931163470033689,"_timestamp":1.7454055073417385e+09,"auc":1}