{"_runtime":16.029148486,"edge_accuracy_mean":0.02,"_step":20,"acc":1,"evaluated_graphs_mean":100,"_timestamp":1.7454058240885231e+09,"loss":0.08841685300811808,"fidelity_pos_mean":1,"per_graph_hits_mean":0.02,"epoch":19,"_wandb":{"runtime":16},"roc_auc_mean":0.15526540880503142,"fidelity_neg_mean":1,"auc":1}