{"_wandb":{"runtime":14},"_step":10,"epoch":10,"loss":0.0001395578340066095,"acc":1,"auc":1,"_timestamp":1.7454535618875535e+09,"_runtime":14.013902446}