{"per_graph_hits_mean":0.4183333333333333,"roc_auc_mean":0.42592918558286336,"evaluated_graphs_mean":100,"fidelity_pos_mean":1,"_runtime":30.895828353,"loss":0.08717895257286727,"auc":1,"edge_accuracy_mean":0.4183333333333333,"fidelity_neg_mean":1,"_step":20,"_wandb":{"runtime":30},"epoch":19,"_timestamp":1.7454010925529435e+09,"acc":1}